is:open created:{{param|relative_date}},>1|today,3..1|last 3 days,7..4|last week,14..8|last 2 weeks,30..15|last month,90..31|last 3 months,180..91|last 6 months,<180|more than 6 months
2023-01-31,32,16,23,43,70,154,150,156
2023-01-30,11,20,27,44,65,469,0,0
2023-01-29,20,15,30,47,70,487,0,0
2023-01-28,19,17,30,44,72,485,0,0
2023-01-27,13,26,36,43,70,484,0,0
2023-01-26,16,33,40,54,75,485,0,0
2023-01-25,30,29,32,44,74,485,0,0
2023-01-24,17,32,36,41,67,486,0,0
2023-01-23,20,36,32,40,64,489,0,0
2023-01-22,27,37,40,40,64,488,0,0
2023-01-21,32,26,29,35,61,490,0,0
2023-01-20,25,33,32,33,58,489,0,0
2023-01-19,24,37,32,36,56,489,0,0
2023-01-18,31,28,30,40,52,489,0,0
2023-01-17,20,29,24,42,53,488,0,0
2023-01-16,22,33,22,42,55,485,0,0
2023-01-15,28,26,21,39,59,482,0,0
2023-01-14,20,28,28,37,60,484,0,0
2023-01-13,26,27,24,35,57,485,0,0
2023-01-12,27,29,26,38,63,483,0,0
2023-01-11,23,36,30,32,69,476,0,0
2023-01-10,29,24,34,35,73,473,0,0
2023-01-09,20,22,35,36,81,476,0,0
2023-01-08,18,23,30,33,82,483,0,0
2023-01-07,21,29,21,30,78,485,0,0
2023-01-06,19,35,19,30,74,487,0,0
2023-01-05,23,36,22,31,78,481,0,0
2023-01-04,28,21,27,29,81,478,0,0
2023-01-03,22,17,26,30,82,479,0,0
2023-01-02,10,20,21,38,78,480,0,0
2023-01-01,11,28,14,39,69,487,0,0
2022-12-31,22,26,10,40,66,486,0,0
2022-12-30,22,18,15,40,66,486,0,0
2022-12-29,22,17,23,43,68,486,0,0
2022-12-28,19,9,24,44,69,488,0,0
2022-12-27,10,10,24,44,60,489,0,0
2022-12-26,7,18,25,53,56,488,0,0
2022-12-25,12,21,22,51,54,485,0,0
2022-12-24,20,21,29,50,58,480,0,0
2022-12-23,25,19,26,49,57,478,0,0
2022-12-22,25,25,32,50,62,476,0,0
2022-12-21,21,19,23,46,58,471,0,0
2022-12-20,23,27,23,41,57,469,0,0
2022-12-19,17,32,36,37,54,469,0,0
2022-12-18,29,20,45,38,52,471,0,0
2022-12-17,22,19,39,36,60,463,0,0
2022-12-16,20,28,30,31,63,463,0,0
2022-12-15,24,38,21,33,64,462,0,0
2022-12-14,22,47,27,29,69,457,0,0
2022-12-13,39,23,31,26,69,453,0,0
2022-12-12,24,20,30,30,69,451,0,0
2022-12-11,15,31,31,31,70,452,0,0
2022-12-10,23,26,22,32,67,454,0,0
2022-12-09,27,35,22,34,70,449,0,0
2022-12-08,18,36,20,34,73,445,0,0
2022-12-07,33,27,20,35,77,437,0,0
2022-12-06,29,30,20,38,78,433,0,0
2022-12-05,20,20,21,39,82,426,0,0
2022-12-04,21,26,23,38,86,425,0,0
2022-12-03,20,28,27,29,87,425,0,0
2022-12-02,24,17,30,24,81,422,0,0
2022-12-01,17,27,32,32,79,420,0,0
2022-11-30,21,27,31,37,78,421,0,0
2022-11-29,25,26,18,36,72,420,0,0
2022-11-28,17,44,21,39,74,415,0,0
2022-11-27,27,36,20,42,77,446,0,0
2022-11-26,31,19,19,46,82,440,0,0
2022-11-25,20,28,15,37,85,437,0,0
2022-11-24,20,24,25,34,83,435,0,0
2022-11-23,23,20,27,38,83,434,0,0
2022-11-22,19,25,36,37,78,439,0,0
2022-11-21,20,19,36,41,77,441,0,0
2022-11-20,20,27,32,44,77,439,0,0
2022-11-19,16,43,26,47,80,438,0,0
2022-11-18,32,40,23,52,82,439,0,0
2022-11-17,25,28,18,50,78,440,0,0
2022-11-16,24,29,21,50,84,435,0,0
2022-11-15,25,35,28,46,86,436,0,0
2022-11-14,24,26,37,40,87,434,0,0
2022-11-13,20,24,38,36,83,431,0,0
2022-11-12,19,27,39,41,83,430,0,0
2022-11-11,15,32,33,44,83,431,0,0
2022-11-10,26,36,30,45,82,435,0,0
2022-11-09,24,46,34,50,82,433,0,0
2022-11-08,32,34,32,53,73,433,0,0
2022-11-07,30,33,26,61,66,435,0,0
2022-11-06,23,32,20,60,63,439,0,0
2022-11-05,26,36,24,60,61,440,0,0
2022-11-04,27,34,34,54,60,441,0,0
2022-11-03,31,18,41,54,59,441,0,0
2022-11-02,19,18,44,51,57,441,0,0
2022-11-01,18,26,37,46,58,438,0,0
2022-10-31,18,34,34,44,55,442,0,0
2022-10-30,24,38,34,44,53,443,0,0
2022-10-29,25,38,38,39,57,440,0,0
2022-10-28,34,31,36,38,56,437,0,0
2022-10-27,33,35,35,42,54,433,0,0
2022-10-26,28,34,31,45,57,431,0,0
2022-10-25,26,35,27,42,57,427,0,0
2022-10-24,23,36,23,41,64,431,0,0
2022-10-23,26,36,28,39,67,433,0,0
2022-10-22,32,31,25,32,66,432,0,0
2022-10-21,23,25,26,29,66,432,0,0
2022-10-20,24,25,26,26,63,428,0,0
2022-10-19,28,26,33,32,58,430,0,0
2022-10-18,24,21,28,31,65,425,0,0
2022-10-17,21,24,27,30,67,420,0,0
2022-10-16,16,26,18,36,73,418,0,0
2022-10-15,23,32,17,33,76,419,0,0
2022-10-14,26,25,17,34,71,417,0,0
2022-10-13,27,19,16,33,66,417,0,0
2022-10-12,15,24,31,35,62,417,0,0
2022-10-11,22,16,34,42,72,413,0,0
2022-10-10,18,15,31,40,68,412,0,0
2022-10-09,9,24,28,50,65,413,0,0
2022-10-08,21,25,20,52,67,413,0,0
2022-10-07,18,28,21,48,76,407,0,0
2022-10-06,21,22,18,38,71,409,0,0
2022-10-05,19,23,32,37,67,412,0,0
2022-10-04,15,22,38,37,68,411,0,0
2022-10-03,24,14,35,31,66,413,0,0
2022-10-02,12,26,30,36,63,417,0,0
2022-10-01,16,40,29,37,65,415,0,0
2022-09-30,25,37,28,41,62,416,0,0
2022-09-29,34,30,19,39,62,415,0,0
2022-09-28,31,30,19,37,67,413,0,0
2022-09-27,25,26,17,36,67,412,0,0
2022-09-26,24,27,21,31,63,408,0,0
2022-09-25,18,20,27,35,63,410,0,0
2022-09-24,29,20,24,35,65,407,0,0
2022-09-23,20,36,25,34,62,407,0,0
2022-09-22,32,32,22,35,59,413,0,0
2022-09-21,30,25,24,39,59,416,0,0
2022-09-20,20,30,24,37,63,414,0,0
2022-09-19,22,21,21,34,64,411,0,0
2022-09-18,17,27,19,32,63,407,0,0
2022-09-17,23,35,23,34,61,408,0,0
2022-09-16,24,33,21,32,61,404,0,0
2022-09-15,32,22,24,33,62,405,0,0
2022-09-14,16,23,24,33,66,400,0,0
2022-09-13,20,19,22,33,66,401,0,0
2022-09-12,20,16,17,35,70,399,0,0
2022-09-11,7,23,16,32,71,399,0,0
2022-09-10,20,22,21,29,73,400,0,0
2022-09-09,26,20,27,29,67,398,0,0
2022-09-08,16,24,29,38,68,396,0,0
2022-09-07,30,22,25,38,74,395,0,0
2022-09-06,22,29,18,32,77,394,0,0
2022-09-05,20,31,20,32,76,392,0,0
2022-09-04,23,28,17,31,78,389,0,0
2022-09-03,28,17,20,31,74,388,0,0
2022-09-02,22,22,18,35,80,387,0,0
2022-09-01,14,20,25,33,80,385,0,0
2022-08-31,19,20,34,45,82,382,0,0
2022-08-30,22,17,29,46,76,388,0,0
2022-08-29,10,25,26,49,76,389,0,0
2022-08-28,16,30,25,48,77,388,0,0
2022-08-27,25,34,33,52,70,390,0,0
2022-08-26,22,31,37,52,76,390,0,0
2022-08-25,25,21,41,55,84,387,0,0
2022-08-24,23,22,34,54,83,387,0,0
2022-08-23,16,34,26,51,85,385,0,0
2022-08-22,21,36,34,46,88,390,0,0
2022-08-21,23,35,37,42,87,388,0,0
2022-08-20,27,36,42,41,89,387,0,0
2022-08-19,20,31,34,40,91,386,0,0
2022-08-18,24,38,29,39,91,383,0,0
2022-08-17,21,37,26,36,89,382,0,0
2022-08-16,27,28,29,41,89,377,0,0
2022-08-15,17,33,28,43,93,374,0,0
2022-08-14,29,31,28,37,83,372,0,0
2022-08-13,21,25,24,48,74,375,0,0
2022-08-12,15,34,25,56,76,373,0,0
2022-08-11,21,28,24,52,74,375,0,0
2022-08-10,32,26,24,56,69,376,0,0
2022-08-09,18,31,30,55,70,373,0,0
2022-08-08,17,23,35,56,69,374,0,0
2022-08-07,19,18,29,45,70,372,0,0
2022-08-06,12,27,35,36,67,370,0,0
2022-08-05,12,29,34,40,61,372,0,0
2022-08-04,28,32,38,39,62,370,0,0
2022-08-03,23,23,35,36,57,367,0,0
2022-08-02,26,27,36,41,65,363,0,0
2022-08-01,17,37,34,45,65,364,0,0
2022-07-31,22,26,24,50,61,364,0,0
2022-07-30,29,28,14,49,66,365,0,0
2022-07-29,17,39,22,48,64,363,0,0
2022-07-28,23,33,25,39,63,360,0,0
2022-07-27,31,27,35,32,65,361,0,0
2022-07-26,27,21,36,37,69,360,0,0
2022-07-25,19,23,31,35,71,361,0,0
2022-07-24,10,30,28,33,72,372,0,0
2022-07-23,27,26,24,34,71,379,0,0
2022-07-22,13,35,24,31,74,377,0,0
2022-07-21,24,27,24,33,76,375,0,0
2022-07-20,24,23,19,28,72,376,0,0
2022-07-19,23,29,22,35,69,381,0,0
2022-07-18,17,25,21,36,65,377,0,0
2022-07-17,23,17,19,45,68,371,0,0
2022-07-16,17,19,18,40,69,369,0,0
2022-07-15,17,19,27,42,64,370,0,0
2022-07-14,11,16,27,49,67,370,0,0
2022-07-13,15,21,29,44,72,370,0,0
2022-07-12,18,22,28,43,67,368,0,0
2022-07-11,16,28,23,40,65,370,0,0
2022-07-10,17,29,32,42,67,367,0,0
2022-07-09,22,22,26,39,65,364,0,0
2022-07-08,19,21,33,45,66,364,0,0
2022-07-07,10,24,32,43,64,366,0,0
2022-07-06,25,27,31,44,61,365,0,0
2022-07-05,21,35,30,44,63,365,0,0
2022-07-04,23,37,31,41,64,365,0,0
2022-07-03,19,32,32,35,64,365,0,0
2022-07-02,26,28,32,30,55,368,0,0
2022-07-01,31,32,33,38,52,371,0,0
2022-06-30,25,29,28,34,56,366,0,0
2022-06-29,26,30,29,28,56,365,0,0
2022-06-28,27,34,35,32,56,361,0,0
2022-06-27,23,28,31,36,57,361,0,0
2022-06-26,25,23,23,37,59,362,0,0
2022-06-25,16,30,18,26,60,360,0,0
2022-06-24,17,42,28,30,60,359,0,0
2022-06-23,27,28,28,29,61,357,0,0
2022-06-22,22,18,30,30,65,357,0,0
2022-06-21,22,13,21,31,64,358,0,0
2022-06-20,8,29,22,36,62,367,0,0
2022-06-19,16,28,20,39,62,368,0,0
2022-06-18,24,20,16,40,61,373,0,0
2022-06-17,14,26,17,43,65,370,0,0
2022-06-16,22,24,21,41,65,370,0,0
2022-06-15,25,17,24,34,63,371,0,0
2022-06-14,14,13,29,30,61,377,0,0
2022-06-13,11,19,32,31,54,374,0,0
2022-06-12,13,23,29,37,51,375,0,0
2022-06-11,24,27,23,33,53,377,0,0
2022-06-10,18,27,22,28,52,377,0,0
2022-06-09,25,28,23,33,50,376,0,0
2022-06-08,28,21,21,34,54,374,0,0
2022-06-07,17,16,17,35,54,372,0,0
2022-06-06,18,24,17,35,55,370,0,0
2022-06-05,12,26,27,36,58,368,0,0
2022-06-04,27,12,23,33,59,367,0,0
2022-06-03,17,16,25,33,60,369,0,0
2022-06-02,10,23,21,34,56,371,0,0
2022-06-01,23,21,24,39,56,372,0,0
2022-05-31,16,24,30,31,57,370,0,0
2022-05-30,22,21,29,29,62,365,0,0
2022-05-29,20,21,28,31,66,363,0,0
2022-05-28,17,25,22,29,68,359,0,0
2022-05-27,17,20,18,30,67,360,0,0
2022-05-26,15,25,17,25,65,361,0,0
2022-05-25,22,26,29,30,64,362,0,0
2022-05-24,22,18,24,31,56,364,0,0
2022-05-23,22,12,23,38,54,366,0,0
2022-05-22,8,23,14,39,54,370,0,0
2022-05-21,19,25,15,38,54,368,0,0
2022-05-20,21,23,17,41,53,370,0,0
2022-05-19,21,15,21,42,48,370,0,0
2022-05-18,18,11,22,43,53,371,0,0
2022-05-17,11,11,25,34,51,372,0,0
2022-05-16,6,19,32,33,50,369,0,0
2022-05-15,11,22,33,33,48,366,0,0
2022-05-14,20,19,26,30,48,366,0,0
2022-05-13,15,27,20,31,46,366,0,0
2022-05-12,16,31,21,31,51,362,0,0
2022-05-11,25,23,23,33,57,358,0,0
2022-05-10,20,21,22,34,57,355,0,0
2022-05-09,14,21,17,36,66,351,0,0
2022-05-08,15,23,18,32,67,352,0,0
2022-05-07,21,23,22,32,69,350,0,0
2022-05-06,18,21,24,27,67,352,0,0
2022-05-05,15,27,29,28,71,350,0,0
2022-05-04,19,29,27,27,73,347,0,0
2022-05-03,20,28,24,24,72,347,0,0
2022-05-02,19,26,21,29,71,346,0,0
2022-05-01,17,27,16,27,74,341,0,0
2022-04-30,17,25,17,25,74,340,0,0
2022-04-29,21,24,14,23,77,336,0,0
2022-04-28,19,28,21,25,77,338,0,0
2022-04-27,18,19,16,26,72,337,0,0
2022-04-26,24,13,17,32,74,332,0,0
2022-04-25,8,14,16,40,68,335,0,0
2022-04-24,10,18,16,42,64,333,0,0
2022-04-23,12,17,16,45,65,336,0,0
2022-04-22,14,18,22,47,61,334,0,0
2022-04-21,14,19,19,51,65,331,0,0
2022-04-20,19,19,20,45,65,328,0,0
2022-04-19,11,21,23,43,64,329,0,0
2022-04-18,17,22,29,41,66,327,0,0
2022-04-17,16,20,31,35,65,326,0,0
2022-04-16,19,27,33,33,68,328,0,0
2022-04-15,18,31,33,30,74,326,0,0
2022-04-14,18,24,31,30,72,325,0,0
2022-04-13,24,27,24,29,72,326,0,0
2022-04-12,17,34,29,27,70,327,0,0
2022-04-11,29,29,26,32,64,331,0,0
2022-04-10,22,30,20,44,70,327,0,0
2022-04-09,26,31,16,43,70,325,0,0
2022-04-08,27,23,16,47,70,325,0,0
2022-04-07,19,26,19,43,68,324,0,0
2022-04-06,28,16,25,46,63,324,0,0
2022-04-05,20,16,27,48,60,327,0,0
2022-04-04,6,22,29,38,62,324,0,0
2022-04-03,14,19,35,39,61,323,0,0
2022-04-02,19,24,32,37,60,323,0,0
2022-04-01,19,24,36,36,57,321,0,0
2022-03-31,22,20,21,37,56,318,0,0
2022-03-30,16,29,26,40,56,324,0,0
2022-03-29,9,30,26,38,56,324,0,0
2022-03-28,27,25,26,39,58,323,0,0
2022-03-27,16,23,23,35,57,326,0,0
2022-03-26,19,19,25,38,51,326,0,0
2022-03-25,16,20,20,37,46,325,0,0
2022-03-24,17,19,22,35,51,324,0,0
2022-03-23,15,19,27,33,53,325,0,0
2022-03-22,14,20,27,31,54,323,0,0
2022-03-21,11,22,23,30,51,322,0,0
2022-03-20,20,19,16,31,52,332,0,0
2022-03-19,14,28,15,29,53,334,0,0
2022-03-18,15,31,18,27,56,335,0,0
2022-03-17,23,15,24,27,59,329,0,0
2022-03-16,15,10,22,25,52,327,0,0
2022-03-15,10,11,18,33,59,321,0,0
2022-03-14,6,19,12,31,60,320,0,0
2022-03-13,12,28,18,28,58,320,0,0
2022-03-12,21,16,19,25,59,318,0,0
2022-03-11,20,16,21,29,67,316,0,0
2022-03-10,14,22,20,29,64,317,0,0
2022-03-09,21,18,18,28,63,314,0,0
2022-03-08,16,15,19,29,67,316,0,0
2022-03-07,11,25,20,29,67,315,0,0
2022-03-06,11,26,19,27,67,318,0,0
2022-03-05,25,15,16,25,62,319,0,0
2022-03-04,19,19,15,31,62,319,0,0
2022-03-03,17,24,17,31,68,321,0,0
2022-03-02,26,14,20,32,63,323,0,0
2022-03-01,15,11,21,36,63,325,0,0
2022-02-28,12,22,22,37,57,328,0,0
2022-02-27,14,18,17,42,59,328,0,0
2022-02-26,19,17,19,43,66,324,0,0
2022-02-25,11,25,24,35,69,326,0,0
2022-02-24,22,19,35,35,67,325,0,0
2022-02-23,20,14,33,36,69,321,0,0
2022-02-22,18,25,28,37,69,322,0,0
2022-02-21,14,30,20,30,67,320,0,0
2022-02-20,18,35,26,34,72,318,0,0
2022-02-19,22,29,27,37,69,328,0,0
2022-02-18,27,22,25,37,74,326,0,0
2022-02-17,16,22,20,33,75,328,0,0
2022-02-16,17,25,25,34,68,336,0,0
2022-02-15,13,22,31,39,71,335,0,0
2022-02-14,16,16,26,37,75,332,0,0
2022-02-13,12,21,26,37,72,335,0,0
2022-02-12,16,29,23,37,67,340,0,0
2022-02-11,23,28,27,40,60,344,0,0
2022-02-10,23,20,19,43,57,346,0,0
2022-02-09,23,26,25,39,60,345,0,0
2022-02-08,14,24,29,36,58,344,0,0
2022-02-07,19,22,30,43,60,347,0,0
2022-02-06,13,22,27,43,59,351,0,0
2022-02-05,16,24,22,37,54,352,0,0
2022-02-04,16,29,24,33,58,348,0,0
2022-02-03,18,27,29,32,53,349,0,0
2022-02-02,22,21,29,37,57,344,0,0
2022-02-01,17,16,25,35,58,348,0,0
2022-01-31,13,30,27,35,56,348,0,0
2022-01-30,13,41,27,34,51,360,0,0
2022-01-29,30,30,29,34,50,362,0,0
2022-01-28,28,24,27,38,57,356,0,0
2022-01-27,15,25,23,32,61,355,0,0
2022-01-26,18,22,24,31,62,352,0,0
2022-01-25,16,18,23,32,62,354,0,0
2022-01-24,16,29,25,36,62,352,0,0
2022-01-23,18,23,19,32,64,350,0,0
2022-01-22,22,26,21,32,65,350,0,0
2022-01-21,21,33,25,32,67,349,0,0
2022-01-20,28,19,26,33,64,354,0,0
2022-01-19,16,18,23,37,70,358,0,0
2022-01-18,17,30,30,32,66,359,0,0
2022-01-17,13,34,35,33,67,359,0,0
2022-01-16,22,23,34,35,72,355,0,0
2022-01-15,16,33,31,33,76,356,0,0
2022-01-14,23,35,23,25,82,355,0,0
2022-01-13,21,34,23,23,75,352,0,0
2022-01-12,20,37,27,36,74,348,0,0
2022-01-11,25,20,22,35,71,346,0,0
2022-01-10,15,16,22,42,75,342,0,0
2022-01-09,9,23,19,45,78,337,0,0
2022-01-08,14,28,20,50,77,336,0,0
2022-01-07,22,16,10,54,78,335,0,0
2022-01-06,16,17,12,47,73,336,0,0
2022-01-05,9,23,28,44,77,332,0,0
2022-01-04,22,10,41,42,78,329,0,0
2022-01-03,7,7,47,43,81,324,0,0
2022-01-02,6,15,33,43,73,327,0,0
2022-01-01,8,40,24,45,67,329,0,0
2021-12-31,14,44,25,52,66,326,0,0
2021-12-30,29,30,20,48,63,328,0,0
2021-12-29,24,22,29,48,58,325,0,0
2021-12-28,17,19,27,52,57,323,0,0
2021-12-27,14,23,32,51,58,320,0,0
2021-12-26,6,22,27,39,55,318,0,0
2021-12-25,20,17,30,35,52,315,0,0
2021-12-24,10,24,30,34,54,310,0,0
2021-12-23,14,31,32,32,53,312,0,0
2021-12-22,18,20,24,27,56,307,0,0
2021-12-21,19,23,23,26,51,308,0,0
2021-12-20,9,27,24,30,48,307,0,0
2021-12-19,21,24,28,28,47,301,0,0
2021-12-18,28,19,24,32,49,304,0,0
2021-12-17,12,37,24,29,51,302,0,0
2021-12-16,18,36,21,29,49,300,0,0
2021-12-15,39,27,17,36,50,301,0,0
2021-12-14,20,25,15,29,48,301,0,0
2021-12-13,14,25,22,28,51,297,0,0
2021-12-12,24,21,22,20,50,302,0,0
2021-12-11,19,33,34,27,52,307,0,0
2021-12-10,19,21,26,27,50,312,0,0
2021-12-09,19,20,21,26,46,316,0,0
2021-12-08,13,28,17,33,48,316,0,0
2021-12-07,16,32,14,31,46,316,0,0
2021-12-06,21,26,18,31,46,316,0,0
2021-12-05,21,16,21,29,49,319,0,0
2021-12-04,13,15,23,29,47,321,0,0
2021-12-03,16,20,24,29,56,317,0,0
2021-12-02,12,21,22,24,55,317,0,0
2021-12-01,15,28,26,28,50,319,0,0
2021-11-30,19,28,20,28,52,317,0,0
2021-11-29,21,25,17,29,54,317,0,0
2021-11-28,14,27,10,28,50,315,0,0
2021-11-27,26,25,13,26,51,313,0,0
2021-11-26,18,18,20,29,51,312,0,0
2021-11-25,20,11,24,28,56,314,0,0
2021-11-24,6,10,21,25,65,305,0,0
2021-11-23,12,13,14,29,62,307,0,0
2021-11-22,8,23,11,28,64,305,0,0
2021-11-21,13,21,14,23,64,308,0,0
2021-11-20,20,16,18,17,64,305,0,0
2021-11-19,12,19,22,24,64,302,0,0
2021-11-18,9,15,22,33,63,299,0,0
2021-11-17,18,14,18,41,65,295,0,0
2021-11-16,9,25,18,41,66,296,0,0
2021-11-15,13,28,17,40,62,295,0,0
2021-11-14,19,25,17,44,63,292,0,0
2021-11-13,17,17,13,36,70,289,0,0
2021-11-12,12,17,21,29,67,286,0,0
2021-11-11,15,15,27,26,68,286,0,0
2021-11-10,11,15,33,24,66,285,0,0
2021-11-09,18,13,28,27,63,288,0,0
2021-11-08,8,19,21,31,63,290,0,0
2021-11-07,10,27,19,31,63,288,0,0
2021-11-06,21,25,15,35,67,286,0,0
2021-11-05,22,24,11,27,64,284,0,0
2021-11-04,18,14,15,29,67,276,0,0
2021-11-03,11,16,18,29,61,275,0,0
2021-11-02,12,15,22,28,55,275,0,0
2021-11-01,16,11,24,33,58,273,0,0
2021-10-31,7,17,19,32,67,276,0,0
2021-10-30,14,23,17,33,64,275,0,0
2021-10-29,19,18,13,35,60,271,0,0
2021-10-28,11,19,19,36,58,269,0,0
2021-10-27,11,18,21,35,54,271,0,0
2021-10-26,20,16,23,34,50,270,0,0
2021-10-25,8,18,26,40,50,268,0,0
2021-10-24,14,18,19,42,52,269,0,0
2021-10-23,15,24,15,39,51,276,0,0
2021-10-22,14,29,18,34,52,274,0,0
2021-10-21,24,29,26,33,52,276,0,0
2021-10-20,20,23,26,28,43,281,0,0
2021-10-19,20,14,26,31,45,281,0,0
2021-10-18,12,20,23,27,52,274,0,0
2021-10-17,20,26,25,29,50,274,0,0
2021-10-16,21,24,19,28,45,274,0,0
2021-10-15,23,20,15,30,46,276,0,0
2021-10-14,14,23,13,32,43,276,0,0
2021-10-13,19,24,14,27,43,273,0,0
2021-10-12,27,11,23,27,43,273,0,0
2021-10-11,16,15,24,28,45,271,0,0
2021-10-10,10,20,22,28,48,268,0,0
2021-10-09,13,21,12,26,47,268,0,0
2021-10-08,21,23,17,29,51,272,0,0
2021-10-07,11,24,23,25,52,268,0,0
2021-10-06,20,17,23,26,57,267,0,0
2021-10-05,17,24,23,26,61,270,0,0
2021-10-04,15,34,23,26,63,280,0,0
2021-10-03,18,26,20,23,59,284,0,0
2021-10-02,23,21,20,25,61,284,0,0
2021-10-01,16,28,23,27,64,285,0,0
2021-09-30,17,29,21,26,60,288,0,0
2021-09-29,22,20,18,30,63,286,0,0
2021-09-28,12,24,12,29,64,282,0,0
2021-09-27,12,25,15,27,64,279,0,0
2021-09-26,15,18,17,27,62,279,0,0
2021-09-25,20,13,21,31,59,277,0,0
2021-09-24,8,17,22,37,57,272,0,0
2021-09-23,11,13,24,37,65,265,0,0
2021-09-22,13,23,27,41,62,264,0,0
2021-09-21,13,23,22,42,59,264,0,0
2021-09-20,13,20,14,41,58,265,0,0
2021-09-19,14,29,13,39,59,263,0,0
2021-09-18,12,35,20,33,53,263,0,0
2021-09-17,21,27,32,35,54,269,0,0
2021-09-16,29,15,34,38,58,268,0,0
2021-09-15,9,21,28,34,59,270,0,0
2021-09-14,9,29,23,27,60,269,0,0
2021-09-13,17,28,23,27,59,266,0,0
2021-09-12,16,30,27,26,55,267,0,0
2021-09-11,22,24,26,26,60,271,0,0
2021-09-10,17,23,24,24,53,273,0,0
2021-09-09,13,25,21,28,48,270,0,0
2021-09-08,17,24,18,35,43,271,0,0
2021-09-07,17,18,14,40,47,269,0,0
2021-09-06,14,21,15,36,45,273,0,0
2021-09-05,12,18,21,34,42,272,0,0
2021-09-04,11,16,25,37,39,272,0,0
2021-09-03,12,18,21,33,39,272,0,0
2021-09-02,15,27,22,26,36,276,0,0
2021-09-01,18,25,27,22,38,275,0,0
2021-08-31,29,26,33,23,37,277,0,0
2021-08-30,15,24,27,24,34,275,0,0
2021-08-29,15,31,21,28,36,274,0,0
2021-08-28,20,29,16,27,39,273,0,0
2021-08-27,15,37,21,27,39,274,0,0
2021-08-26,24,23,18,31,44,273,0,0
2021-08-25,22,21,16,27,42,276,0,0
2021-08-24,11,19,15,28,44,276,0,0
2021-08-23,14,19,15,27,48,272,0,0
2021-08-22,12,28,23,26,52,270,0,0
2021-08-21,18,21,24,25,52,271,0,0
2021-08-20,14,16,19,21,57,270,0,0
2021-08-19,13,22,23,22,57,270,0,0
2021-08-18,10,23,17,19,58,271,0,0
2021-08-17,16,24,21,15,57,275,0,0
2021-08-16,15,18,17,17,56,278,0,0
2021-08-15,12,23,18,22,59,276,0,0
2021-08-14,10,18,14,24,60,277,0,0
2021-08-13,23,13,10,26,51,277,0,0
2021-08-12,5,24,13,36,49,278,0,0
2021-08-11,15,23,13,41,47,277,0,0
2021-08-10,17,12,10,41,46,273,0,0
2021-08-09,7,12,11,42,47,272,0,0
2021-08-08,6,15,15,39,45,274,0,0
2021-08-07,13,12,19,35,46,269,0,0
2021-08-06,13,19,20,30,48,268,0,0
2021-08-05,14,17,28,28,43,268,0,0
2021-08-04,18,13,27,26,48,267,0,0
2021-08-03,11,15,26,24,49,268,0,0
2021-08-02,7,29,22,25,50,274,0,0
2021-08-01,14,31,21,25,51,273,0,0
2021-07-31,19,23,18,26,48,275,0,0
2021-07-30,22,26,17,31,49,273,0,0
2021-07-29,19,23,16,29,52,277,0,0
2021-07-28,19,20,17,27,55,278,0,0
2021-07-27,16,25,17,23,58,280,0,0
2021-07-26,15,20,18,19,56,279,0,0
2021-07-25,14,12,15,19,51,285,0,0
2021-07-24,10,20,17,22,50,286,0,0
2021-07-23,18,21,20,23,48,287,0,0
2021-07-22,15,22,17,26,46,285,0,0
2021-07-21,14,24,17,33,51,286,0,0
2021-07-20,17,18,11,30,51,285,0,0
2021-07-19,15,21,8,30,54,284,0,0
2021-07-18,14,21,12,26,62,276,0,0
2021-07-17,16,16,19,28,61,278,0,0
2021-07-16,17,13,22,29,66,273,0,0
2021-07-15,13,9,22,24,63,271,0,0
2021-07-14,10,17,24,33,62,271,0,0
2021-07-13,13,24,19,34,64,266,0,0
2021-07-12,12,22,17,38,62,267,0,0
2021-07-11,18,19,11,36,64,267,0,0
2021-07-10,13,24,20,28,66,265,0,0
2021-07-09,12,15,27,29,66,265,0,0
2021-07-08,23,14,27,26,68,271,0,0
2021-07-07,11,16,28,24,68,270,0,0
2021-07-06,11,16,18,25,71,269,0,0
2021-07-05,15,28,24,25,74,269,0,0
2021-07-04,14,20,21,27,75,269,0,0
2021-07-03,20,17,20,28,69,268,0,0
2021-07-02,11,18,17,35,68,272,0,0
2021-07-01,19,15,18,40,66,272,0,0
2021-06-30,8,21,17,43,62,271,0,0
2021-06-29,12,24,19,45,66,265,0,0
2021-06-28,18,13,18,44,67,263,0,0
2021-06-27,7,16,18,46,67,264,0,0
2021-06-26,10,16,18,36,66,264,0,0
2021-06-25,12,16,28,38,64,265,0,0
2021-06-24,10,18,32,36,68,261,0,0
2021-06-23,16,15,34,35,64,258,0,0
2021-06-22,12,16,36,37,67,263,0,0
2021-06-21,10,30,34,39,68,260,0,0
2021-06-20,14,31,27,43,63,260,0,0
2021-06-19,24,34,24,46,65,256,0,0
2021-06-18,18,31,24,43,67,254,0,0
2021-06-17,30,21,23,45,69,253,0,0
2021-06-16,14,26,30,37,68,253,0,0
2021-06-15,19,20,31,36,75,250,0,0
2021-06-14,18,19,29,33,73,247,0,0
2021-06-13,7,24,26,30,72,241,0,0
2021-06-12,21,23,23,35,72,237,0,0
2021-06-11,13,27,21,35,67,238,0,0
2021-06-10,13,27,24,40,69,238,0,0
2021-06-09,20,22,22,37,66,233,0,0
2021-06-08,22,22,25,44,62,233,0,0
2021-06-07,15,27,21,45,60,234,0,0
2021-06-06,18,27,23,41,64,234,0,0
2021-06-05,17,25,21,37,67,232,0,0
2021-06-04,24,27,29,32,67,230,0,0
2021-06-03,17,29,32,36,67,229,0,0
2021-06-02,30,16,29,32,69,227,0,0
2021-06-01,14,20,28,31,72,222,0,0
2021-05-31,10,23,26,31,69,221,0,0
2021-05-30,16,27,23,37,66,222,0,0
2021-05-29,16,25,16,39,61,219,0,0
2021-05-28,17,24,18,40,59,216,0,0
2021-05-27,19,22,22,40,60,217,0,0
2021-05-26,28,21,26,38,60,215,0,0
2021-05-25,19,14,22,39,57,213,0,0
2021-05-24,11,18,18,36,58,213,0,0
2021-05-23,9,25,20,31,58,211,0,0
2021-05-22,16,24,23,26,55,210,0,0
2021-05-21,18,17,31,24,49,209,0,0
2021-05-20,18,14,31,31,47,209,0,0
2021-05-19,9,24,27,33,48,212,0,0
2021-05-18,16,29,19,32,44,214,0,0
2021-05-17,21,33,18,40,42,214,0,0
2021-05-16,19,31,16,39,42,212,0,0
2021-05-15,25,21,15,38,44,213,0,0
2021-05-14,16,22,14,34,39,213,0,0
2021-05-13,12,21,25,35,38,217,0,0
2021-05-12,23,11,25,35,38,220,0,0
2021-05-11,14,16,29,32,37,218,0,0
2021-05-10,13,24,22,34,38,216,0,0
2021-05-09,17,27,21,31,39,220,0,0
2021-05-08,19,22,21,28,36,221,0,0
2021-05-07,22,22,27,30,36,222,0,0
2021-05-06,15,29,29,28,42,218,0,0
2021-05-05,24,28,26,30,47,214,0,0
2021-05-04,21,23,20,26,48,214,0,0
2021-05-03,18,26,16,25,54,211,0,0
2021-05-02,20,28,13,25,58,205,0,0
2021-05-01,22,24,17,20,60,201,0,0
2021-04-30,29,12,22,22,63,196,0,0
2021-04-29,18,17,25,21,60,196,0,0
2021-04-28,11,19,24,22,65,194,0,0
2021-04-27,12,21,13,22,71,190,0,0
2021-04-26,17,31,14,25,70,188,0,0
2021-04-25,15,23,11,31,69,186,0,0
2021-04-24,23,20,14,32,74,182,0,0
2021-04-23,20,16,18,30,73,187,0,0
2021-04-22,19,18,20,30,79,182,0,0
2021-04-21,13,14,20,27,79,180,0,0
2021-04-20,13,15,17,29,76,178,0,0
2021-04-19,17,14,18,27,76,177,0,0
2021-04-18,6,17,22,27,71,178,0,0
2021-04-17,17,14,25,29,66,177,0,0
2021-04-16,13,14,22,34,66,180,0,0
2021-04-15,15,17,16,37,60,178,0,0
2021-04-14,10,20,10,39,63,178,0,0
2021-04-13,14,24,15,34,59,180,0,0
2021-04-12,25,17,18,39,58,177,0,0
2021-04-11,16,10,20,39,53,181,0,0
2021-04-10,6,9,18,36,51,179,0,0
2021-04-09,10,14,21,34,48,179,0,0
2021-04-08,10,20,24,32,48,182,0,0
2021-04-07,18,13,26,35,43,183,0,0
2021-04-06,18,20,21,37,38,184,0,0
2021-04-05,14,28,23,43,38,187,0,0
2021-04-04,25,22,17,43,41,192,0,0
2021-04-03,15,23,25,38,44,191,0,0
2021-04-02,18,19,26,30,45,195,0,0
2021-04-01,21,16,29,30,46,195,0,0
2021-03-31,13,21,25,24,46,196,0,0
2021-03-30,24,21,25,19,46,196,0,0
2021-03-29,11,23,24,22,49,195,0,0
2021-03-28,17,22,26,23,47,193,0,0
2021-03-27,18,18,24,31,50,198,0,0
2021-03-26,22,18,13,30,55,191,0,0
2021-03-25,13,28,10,30,51,190,0,0
2021-03-24,22,27,11,35,50,190,0,0
2021-03-23,22,16,17,32,48,192,0,0
2021-03-22,18,8,19,33,59,194,0,0
2021-03-21,9,12,19,32,61,193,0,0
2021-03-20,8,19,18,30,64,192,0,0
2021-03-19,16,21,16,32,59,193,0,0
2021-03-18,13,26,19,34,63,194,0,0
2021-03-17,22,15,22,37,60,196,0,0
2021-03-16,16,19,21,32,56,197,0,0
2021-03-15,14,22,26,33,54,198,0,0
2021-03-14,22,17,21,36,55,197,0,0
2021-03-13,14,27,24,35,51,196,0,0
2021-03-12,23,22,19,32,51,197,0,0
2021-03-11,17,20,25,31,48,195,0,0
2021-03-10,15,22,26,37,46,203,0,0
2021-03-09,19,23,24,35,47,201,0,0
2021-03-08,18,22,21,37,45,203,0,0
2021-03-07,12,33,23,39,44,200,0,0
2021-03-06,19,29,23,38,43,198,0,0
2021-03-05,27,19,23,42,43,203,0,0
2021-03-04,13,18,18,38,41,206,0,0
2021-03-03,17,18,26,37,41,204,0,0
2021-03-02,16,20,20,34,45,206,0,0
2021-03-01,18,27,29,30,46,214,0,0
2021-02-28,21,26,27,21,47,214,0,0
2021-02-27,19,29,39,20,47,215,0,0
2021-02-26,14,30,27,22,47,214,0,0
2021-02-25,27,31,27,27,49,217,0,0
2021-02-24,16,28,17,23,45,218,0,0
2021-02-23,24,29,22,34,53,218,0,0
2021-02-22,15,29,21,29,51,220,0,0
2021-02-21,22,21,25,31,53,218,0,0
2021-02-20,13,22,24,31,51,219,0,0
2021-02-19,17,21,24,33,53,216,0,0
2021-02-18,21,21,25,34,51,219,0,0
2021-02-17,19,25,22,31,57,217,0,0
2021-02-16,25,35,25,28,55,214,0,0
2021-02-15,21,25,28,29,54,216,0,0
2021-02-14,17,19,28,28,54,215,0,0
2021-02-13,21,19,22,28,52,218,0,0
2021-02-12,18,29,23,30,50,217,0,0
2021-02-11,16,23,20,29,53,217,0,0
2021-02-10,23,18,23,31,54,218,0,0
2021-02-09,15,20,18,28,54,218,0,0
2021-02-08,14,22,17,32,53,220,0,0
2021-02-07,16,19,12,41,54,220,0,0
2021-02-06,15,22,16,37,54,219,0,0
2021-02-05,21,23,24,39,52,221,0,0
2021-02-04,16,15,27,39,52,216,0,0
2021-02-03,15,17,31,44,54,217,0,0
2021-02-02,14,22,23,38,50,219,0,0
2021-02-01,18,36,20,33,51,221,0,0
2021-01-31,24,39,28,34,55,222,0,0
2021-01-30,32,30,32,28,55,222,0,0
2021-01-29,25,17,32,31,61,222,0,0
2021-01-28,16,23,24,29,60,222,0,0
2021-01-27,10,32,22,33,63,217,0,0
2021-01-26,22,28,16,26,64,217,0,0
2021-01-25,26,26,21,25,60,219,0,0
2021-01-24,13,20,21,30,54,219,0,0
2021-01-23,20,17,25,36,51,221,0,0
2021-01-22,15,16,22,39,53,224,0,0
2021-01-21,16,25,16,37,56,223,0,0
2021-01-20,9,31,16,34,52,220,0,0
2021-01-19,25,26,15,36,51,223,0,0
2021-01-18,27,22,17,32,53,221,0,0
2021-01-17,22,17,22,28,55,222,0,0
2021-01-16,22,15,27,29,50,228,0,0
2021-01-15,10,22,27,36,52,227,0,0
2021-01-14,23,20,22,38,46,231,0,0
2021-01-13,14,21,18,43,45,238,0,0
2021-01-12,19,26,17,43,45,238,0,0
2021-01-11,21,23,20,45,51,232,0,0
2021-01-10,16,24,21,42,51,234,0,0
2021-01-09,19,15,18,38,53,231,0,0
2021-01-08,15,20,22,35,54,231,0,0
2021-01-07,16,17,21,24,57,231,0,0
2021-01-06,15,17,31,26,59,226,0,0
2021-01-05,16,22,27,20,58,222,0,0
2021-01-04,19,20,34,21,60,217,0,0
2021-01-03,13,20,22,22,63,213,0,0
2021-01-02,18,27,24,27,68,207,0,0
2021-01-01,17,25,14,32,69,208,0,0
2020-12-31,24,20,9,29,70,207,0,0
2020-12-30,16,27,12,30,77,205,0,0
2020-12-29,25,22,17,24,77,204,0,0
2020-12-28,21,14,23,21,74,202,0,0
2020-12-27,16,9,23,24,70,201,0,0
2020-12-26,5,17,23,28,71,200,0,0
2020-12-25,9,25,24,31,74,194,0,0
2020-12-24,17,20,16,33,73,194,0,0
2020-12-23,21,29,14,36,75,191,0,0
2020-12-22,15,31,11,37,77,184,0,0
2020-12-21,26,25,12,35,79,178,0,0
2020-12-20,16,17,17,30,75,177,0,0
2020-12-19,13,20,26,35,74,179,0,0
2020-12-18,19,14,25,36,71,182,0,0
2020-12-17,20,18,21,41,73,181,0,0
2020-12-16,9,26,16,39,71,181,0,0
2020-12-15,14,26,18,36,70,182,0,0
2020-12-14,16,22,21,37,72,180,0,0
2020-12-13,27,18,22,32,73,172,0,0
2020-12-12,14,14,23,33,72,171,0,0
2020-12-11,16,17,21,30,72,174,0,0
2020-12-10,11,20,26,32,67,175,0,0
2020-12-09,13,23,22,35,63,177,0,0
2020-12-08,19,21,22,34,59,178,0,0
2020-12-07,11,27,21,38,51,177,0,0
2020-12-06,21,23,19,41,46,175,0,0
2020-12-05,14,17,19,46,47,173,0,0
2020-12-04,16,20,16,45,45,174,0,0
2020-12-03,13,21,17,41,43,175,0,0
2020-12-02,15,16,18,40,45,172,0,0
2020-12-01,13,18,22,38,49,173,0,0
2020-11-30,8,15,25,31,47,175,0,0
2020-11-29,19,15,31,28,46,175,0,0
2020-11-28,13,19,34,28,46,175,0,0
2020-11-27,10,20,29,28,43,177,0,0
2020-11-26,18,27,21,26,45,177,0,0
2020-11-25,15,32,18,24,45,177,0,0
2020-11-24,27,28,16,24,51,178,0,0
2020-11-23,31,19,17,22,51,184,0,0
2020-11-22,15,17,14,22,57,185,0,0
2020-11-21,15,16,17,21,55,187,0,0
2020-11-20,20,19,16,23,57,186,0,0
2020-11-19,19,22,17,25,59,184,0,0
2020-11-18,13,24,17,26,61,182,0,0
2020-11-17,22,20,17,32,64,184,0,0
2020-11-16,14,16,11,36,62,184,0,0
2020-11-15,14,34,12,38,61,184,0,0
2020-11-14,18,29,14,37,57,186,0,0
2020-11-13,31,12,24,32,59,186,0,0
2020-11-12,12,11,29,32,60,184,0,0
2020-11-11,13,20,27,33,65,179,0,0
2020-11-10,12,22,22,35,65,178,0,0
2020-11-09,13,24,22,35,62,177,0,0
2020-11-08,21,26,25,45,64,178,0,0
2020-11-07,13,23,23,40,71,170,0,0
2020-11-06,18,19,21,41,75,167,0,0
2020-11-05,19,23,24,40,74,163,0,0
2020-11-04,11,23,27,40,68,164,0,0
2020-11-03,23,17,26,42,67,165,0,0
2020-11-02,14,25,25,34,66,160,0,0
2020-11-01,18,23,31,41,66,160,0,0
2020-10-31,17,21,26,37,67,161,0,0
2020-10-30,15,21,25,35,70,163,0,0
2020-10-29,24,27,19,29,72,161,0,0
2020-10-28,22,34,25,24,68,162,0,0
2020-10-27,28,29,27,25,63,163,0,0
2020-10-26,27,20,27,29,67,162,0,0
2020-10-25,12,29,26,34,69,160,0,0
2020-10-24,26,33,21,36,74,158,0,0
2020-10-23,21,31,19,39,70,159,0,0
2020-10-22,20,28,16,49,69,161,0,0
2020-10-21,22,26,17,47,71,156,0,0
2020-10-20,15,23,23,45,71,158,0,0
2020-10-19,19,14,31,39,69,155,0,0
2020-10-18,11,14,34,41,66,151,0,0
2020-10-17,9,16,28,46,66,157,0,0
2020-10-16,19,25,24,43,60,160,0,0
2020-10-15,19,36,33,43,63,156,0,0
2020-10-14,20,32,38,39,60,154,0,0
2020-10-13,24,29,38,44,63,154,0,0
2020-10-12,22,33,23,40,59,156,0,0
2020-10-11,19,41,21,35,55,155,0,0
2020-10-10,28,38,25,41,56,151,0,0
2020-10-09,28,26,26,36,52,152,0,0
2020-10-08,26,20,27,39,51,151,0,0
2020-10-07,18,21,20,36,55,148,0,0
2020-10-06,21,29,27,37,52,153,0,0
2020-10-05,20,25,19,40,56,153,0,0
2020-10-04,21,33,22,34,55,159,0,0
2020-10-03,17,25,21,35,50,159,0,0
2020-10-02,32,21,26,38,58,154,0,0
2020-10-01,14,24,29,38,60,150,0,0
2020-09-30,24,25,28,39,51,150,0,0
2020-09-29,17,26,25,40,59,144,0,0
2020-09-28,18,23,26,42,62,141,0,0
2020-09-27,18,30,24,36,64,138,0,0
2020-09-26,21,30,30,33,64,141,0,0
2020-09-25,28,36,28,32,65,144,0,0
2020-09-24,22,34,29,30,68,140,0,0
2020-09-23,26,28,23,21,64,140,0,0
2020-09-22,23,29,33,27,61,140,0,0
2020-09-21,20,35,29,33,67,138,0,0
2020-09-20,28,49,28,29,66,139,0,0
2020-09-19,27,43,19,36,65,139,0,0
2020-09-17,19,25,17,38,61,135,0,0
2020-09-16,32,26,16,43,64,135,0,0
2020-09-15,18,26,21,42,62,136,0,0
2020-09-14,15,18,27,48,56,134,0,0
2020-09-13,21,16,21,54,52,132,0,0
2020-09-12,11,24,22,54,50,134,0,0
2020-09-11,13,22,24,52,56,132,0,0
2020-09-10,18,26,31,45,59,130,0,0
2020-09-09,20,25,33,39,56,133,0,0
2020-09-08,17,25,33,35,54,133,0,0
2020-09-07,14,42,32,27,55,132,0,0
2020-09-06,24,44,37,23,53,130,0,0
2020-09-05,32,33,34,25,57,130,0,0
2020-09-04,22,29,31,24,56,130,0,0
2020-09-03,23,28,24,29,56,128,0,0
2020-09-02,24,35,17,30,59,122,0,0
2020-09-01,25,37,20,27,64,119,0,0
2020-08-31,24,36,23,30,66,114,0,0
2020-08-30,27,26,26,35,67,111,0,0
2020-08-29,17,25,21,36,67,112,0,0
2020-08-28,20,29,13,31,66,113,0,0
2020-08-27,22,28,23,28,65,111,0,0
2020-08-26,18,24,24,31,62,110,0,0
2020-08-25,16,16,22,29,65,110,0,0
2020-08-24,20,20,19,28,68,109,0,0
2020-08-23,13,20,22,27,63,114,0,0
2020-08-22,23,23,19,29,65,112,0,0
2020-08-21,15,23,17,28,66,111,0,0
2020-08-20,23,19,17,23,59,108,0,0
2020-08-19,18,24,21,29,61,103,0,0
2020-08-18,22,26,23,32,53,102,0,0
2020-08-17,16,22,24,43,54,98,0,0
2020-08-16,18,22,19,47,48,102,0,0
2020-08-15,18,25,17,52,46,103,0,0
2020-08-14,22,29,14,55,47,109,0,0
2020-08-13,28,22,15,46,54,106,0,0
2020-08-12,22,19,27,41,53,104,0,0
2020-08-11,24,21,35,36,54,105,0,0
2020-08-10,24,11,43,33,52,104,0,0
2020-08-09,22,16,40,30,52,100,0,0
2020-08-08,15,29,36,32,58,98,0,0
2020-08-07,19,42,27,30,57,100,0,0
2020-08-06,27,36,24,34,53,98,0,0
2020-08-05,30,33,14,29,50,97,0,0
2020-08-04,30,28,19,28,44,96,0,0
2020-08-03,20,18,20,30,44,92,0,0
2020-08-02,20,21,29,35,44,88,0,0
2020-08-01,22,14,25,39,48,88,0,0
2020-07-31,17,14,20,34,48,88,0,0
2020-07-30,15,29,22,30,50,85,0,0
2020-07-29,22,26,22,26,46,88,0,0
2020-07-28,18,21,23,27,45,88,0,0
2020-07-27,16,19,23,27,48,88,0,0
2020-07-26,17,19,21,21,49,90,0,0
2020-07-25,8,21,23,21,45,92,0,0
2020-07-24,22,22,22,26,40,97,0,0
2020-07-23,23,25,19,27,44,95,0,0
2020-07-22,19,26,15,25,45,97,0,0
2020-07-21,21,28,17,21,45,100,0,0
2020-07-20,26,17,17,23,47,96,0,0
2020-07-19,15,13,15,27,46,96,0,0
2020-07-18,16,14,12,29,41,98,0,0
2020-07-17,15,19,13,32,38,103,0,0
2020-07-16,21,20,24,40,39,105,0,0
2020-07-15,13,14,27,47,39,104,0,0
2020-07-14,15,17,24,47,43,104,0,0
2020-07-13,9,21,17,42,40,103,0,0
2020-07-12,12,29,21,39,36,101,0,0
2020-07-11,14,28,32,38,31,104,0,0
2020-07-10,20,26,33,37,33,104,0,0
2020-07-09,20,27,29,33,35,102,0,0
2020-07-08,14,28,27,28,34,100,0,0
2020-07-07,22,24,24,26,38,97,0,0
2020-07-06,20,27,21,22,38,96,0,0
2020-07-05,14,29,21,13,32,97,0,0
2020-07-04,21,24,28,17,36,93,0,0
2020-07-03,19,18,26,18,37,92,0,0
2020-07-02,14,24,25,22,38,93,0,0
2020-07-01,16,26,21,23,37,95,0,0
2020-06-30,13,30,17,24,36,94,0,0
2020-06-29,15,26,14,27,35,94,0,0
2020-06-28,23,20,14,22,35,94,0,0
2020-06-27,19,16,19,23,36,92,0,0
2020-06-26,13,24,26,26,40,95,0,0
2020-06-25,16,21,22,21,44,90,0,0
2020-06-24,22,22,17,21,48,87,0,0
2020-06-23,15,29,17,19,47,90,0,0
2020-06-22,21,25,17,20,46,89,0,0
2020-06-21,18,16,17,25,51,89,0,0
2020-06-20,14,23,19,25,59,89,0,0
2020-06-19,16,29,29,32,61,96,0,0
2020-06-18,18,22,24,38,57,96,0,0
2020-06-17,14,20,19,37,61,92,0,0
2020-06-16,17,21,15,34,59,91,0,0
2020-06-15,17,25,16,34,65,89,0,0
2020-06-14,14,19,22,33,56,89,0,0
2020-06-13,17,14,24,35,55,87,0,0
2020-06-12,15,15,26,32,48,87,0,0
2020-06-11,12,27,33,40,52,90,0,0
2020-06-10,19,27,31,39,45,89,0,0
2020-06-09,21,23,23,43,46,86,0,0
2020-06-08,17,25,20,46,48,84,0,0
2020-06-07,20,34,22,36,46,81,0,0
2020-06-06,18,27,28,39,46,81,0,0
2020-06-05,21,19,26,32,41,82,0,0
2020-06-04,15,17,29,37,39,82,0,0
2020-06-03,14,21,23,29,41,82,0,0
2020-06-02,20,29,30,22,43,74,0,0
2020-06-01,25,24,25,27,45,72,0,0
2020-05-31,23,29,25,23,44,69,0,0
2020-05-30,18,30,22,32,48,72,0,0
2020-05-29,26,35,22,26,50,69,0,0
2020-05-28,19,32,30,23,47,69,0,0
2020-05-27,25,23,27,27,47,70,0,0
2020-05-26,18,21,27,23,52,67,0,0
2020-05-25,15,21,21,25,48,67,0,0
2020-05-24,15,26,20,25,47,63,0,0
2020-05-23,17,32,23,28,49,61,0,0
2020-05-22,23,27,22,35,51,60,0,0
2020-05-21,21,20,17,34,52,63,0,0
2020-05-20,14,22,14,30,52,62,0,0
2020-05-19,14,23,18,32,54,63,0,0
2020-05-18,15,18,21,30,44,61,0,0
2020-05-17,19,13,23,36,41,59,0,0
2020-05-16,12,18,27,41,45,57,0,0
2020-05-15,13,21,26,40,45,60,0,0
2020-05-14,15,25,24,42,41,60,0,0
2020-05-13,19,18,16,43,41,61,0,0
2020-05-12,12,31,19,39,37,61,0,0
2020-05-11,16,26,21,30,35,59,0,0
2020-05-10,20,16,33,29,35,61,0,0
2020-05-09,13,17,33,23,36,61,0,0
2020-05-08,15,18,32,30,34,61,0,0
2020-05-07,13,21,18,27,31,60,0,0
2020-05-06,15,34,22,31,37,58,0,0
2020-05-04,23,23,20,21,37,55,0,0
2020-05-03,17,23,18,26,38,52,0,0
2020-05-02,30,18,16,25,38,55,0,0
2020-05-01,10,19,22,23,38,54,0,0
2020-04-30,18,12,23,23,39,57,0,0
2020-04-29,11,19,27,26,37,56,0,0
2020-04-28,14,23,20,31,35,58,0,0
2020-04-27,16,22,16,30,34,59,0,0
2020-04-26,13,29,14,23,31,60,0,0
2020-04-25,24,32,22,24,31,60,0,0
2020-04-24,22,22,24,23,33,59,0,0
2020-04-23,25,15,26,25,33,59,0,0
2020-04-22,18,20,22,24,31,59,0,0
2020-04-21,10,26,22,24,29,60,0,0
2020-04-20,16,24,13,25,28,59,0,0
2020-04-19,23,24,14,24,28,60,0,0
2020-04-18,15,22,16,19,25,59,0,0
2020-04-17,25,14,21,22,27,60,0,0
2020-04-16,12,15,19,26,30,60,0,0
2020-04-15,16,15,19,27,30,61,0,0
2020-04-14,12,13,13,32,26,62,0,0
2020-04-13,12,21,16,34,26,62,0,0
2020-04-12,14,21,18,30,27,61,0,0
2020-04-11,17,13,16,27,24,63,0,0
2020-04-10,12,17,16,29,25,74,0,0
2020-04-09,13,25,18,27,28,74,0,0
2020-04-08,20,17,20,24,27,73,0,0
2020-04-07,20,17,24,18,28,73,0,0
2020-04-06,12,20,26,19,30,74,0,0
2020-04-05,19,21,22,17,31,74,0,0
2020-04-04,11,20,15,12,34,72,0,0
2020-04-03,25,22,13,12,31,74,0,0
2020-04-02,14,30,17,19,29,75,0,0
2020-04-01,25,23,16,19,28,78,0,0
2020-03-31,26,10,11,21,25,80,0,0
2020-03-30,6,15,8,24,26,82,0,0
2020-03-29,10,16,10,25,26,84,0,0
2020-03-28,15,12,11,27,25,85,0,0
2020-03-27,11,9,12,23,31,88,0,0
2020-03-26,16,11,16,18,33,86,0,0
2020-03-25,17,12,18,19,30,84,0,0
2020-03-24,13,21,23,21,31,88,0,0
2020-03-23,16,22,21,25,34,91,0,0
2020-03-22,31,21,18,23,34,92,0,0
2020-03-21,18,30,19,25,32,95,0,0
2020-03-20,24,21,14,29,32,92,0,0
2020-03-19,17,20,17,30,33,95,0,0
2020-03-18,12,16,23,25,33,96,0,0
2020-03-17,13,14,31,27,34,95,0,0
2020-03-16,8,19,33,26,36,97,0,0
2020-03-15,18,18,24,25,42,94,0,0
2020-03-14,10,24,16,24,42,94,0,0
2020-03-13,14,27,16,18,40,92,0,0
2020-03-12,19,19,22,18,37,94,0,0
2020-03-11,18,18,29,25,41,90,0,0
2020-03-10,15,19,27,27,38,92,0,0
2020-03-09,12,19,22,28,41,85,0,0
2020-03-08,17,29,19,35,42,84,0,0
2020-03-07,19,31,15,32,43,85,0,0
2020-03-06,20,31,15,27,43,84,0,0
2020-03-05,24,18,18,22,42,84,0,0
2020-03-04,17,15,22,20,43,83,0,0
2020-03-03,18,14,21,19,44,83,0,0
2020-03-02,15,16,19,15,43,86,0,0
2020-03-01,14,23,21,17,48,80,0,0
2020-02-29,18,18,19,21,46,78,0,0
2020-02-28,16,22,19,25,48,78,0,0
2020-02-27,18,18,12,25,46,81,0,0
2020-02-26,15,23,10,22,47,84,0,0
2020-02-25,21,20,12,22,41,83,0,0
2020-02-24,14,19,14,23,39,82,0,0
2020-02-23,14,14,16,25,32,82,0,0
2020-02-22,18,9,12,30,31,83,0,0
2020-02-21,6,13,13,28,28,82,0,0
2020-02-20,11,13,13,33,29,83,0,0
2020-02-19,11,16,17,32,28,81,0,0
2020-02-18,14,18,15,28,29,83,0,0
2020-02-17,11,20,15,24,31,81,0,0
2020-02-16,14,17,19,20,31,81,0,0
2020-02-15,15,15,25,22,24,85,0,0
2020-02-14,15,15,20,28,22,84,0,0
2020-02-13,15,20,18,27,21,84,0,0
2020-02-12,16,29,14,29,25,84,0,0
2020-02-11,20,29,18,28,25,85,0,0
2020-02-10,22,20,17,26,26,89,0,0
2020-02-09,19,17,18,26,29,86,0,0
2020-02-08,9,15,17,14,31,86,0,0
2020-02-07,18,15,25,14,31,87,0,0
2020-02-06,16,20,27,14,29,85,0,0
2020-02-05,14,21,24,19,36,79,0,0
2020-02-04,15,17,12,20,37,76,0,0
2020-02-03,12,27,9,21,35,77,0,0
2020-02-02,19,27,8,24,35,74,0,0
2020-02-01,20,15,7,24,38,75,0,0
2020-01-31,15,11,9,21,40,76,0,0
2020-01-30,11,6,10,18,43,74,0,0
2020-01-29,13,10,17,20,42,74,0,0
2020-01-28,14,9,19,20,40,72,0,0
2020-01-27,6,11,20,21,43,70,0,0
2020-01-26,9,17,15,19,43,68,0,0
2020-01-25,16,20,17,21,41,68,0,0
2020-01-24,12,21,12,21,43,67,0,0
2020-01-23,19,21,12,20,40,67,0,0
2020-01-22,16,17,11,21,37,68,0,0
2020-01-21,16,13,16,22,34,67,0,0
2020-01-20,8,18,15,28,30,68,0,0
2020-01-19,12,16,17,29,31,67,0,0
2020-01-18,13,15,15,32,30,70,0,0
2020-01-17,17,15,14,33,31,71,0,0
2020-01-16,9,18,16,30,31,73,0,0
2020-01-15,25,13,20,30,29,72,0,0
2020-01-14,11,17,21,27,31,68,0,0
2020-01-13,15,16,25,29,30,66,0,0
2020-01-12,11,17,24,30,29,66,0,0
2020-01-11,13,21,26,29,29,68,0,0
2020-01-10,18,19,21,28,32,73,0,0
2020-01-09,19,28,18,30,32,74,0,0
2020-01-08,18,26,19,24,32,73,0,0
2020-01-07,24,22,21,18,34,71,0,0
2020-01-06,16,18,27,17,35,73,0,0
2020-01-05,13,19,25,14,35,70,0,0
2020-01-04,17,23,20,15,34,71,0,0
2020-01-03,16,26,13,16,34,70,0,0
2019-12-28,12,19,14,22,30,67,0,0
2019-12-27,10,17,14,20,33,65,0,0
2019-12-26,10,13,15,22,33,66,0,0
2019-12-25,10,9,12,22,31,66,0,0
2019-12-24,10,12,9,22,32,67,0,0
2019-12-23,11,12,8,14,32,64,0,0
2019-12-22,11,12,16,16,32,68,0,0
2019-12-21,10,15,21,23,32,68,0,0
2019-12-20,13,10,21,27,38,65,0,0
2019-12-19,12,12,14,25,32,66,0,0
2019-12-18,6,24,14,27,32,64,0,0
2019-12-17,11,18,12,28,32,63,0,0
2019-12-16,23,10,10,23,31,62,0,0
2019-12-15,5,15,12,22,28,62,0,0
2019-12-14,10,15,17,21,27,63,0,0
2019-12-13,15,14,23,22,28,63,0,0
2019-12-12,15,7,17,23,31,62,0,0
2019-12-11,10,19,17,25,32,63,0,0
2019-12-10,9,30,13,27,33,62,0,0
2019-12-09,17,24,19,22,32,60,0,0
2019-12-08,17,13,18,20,32,58,0,0
2019-12-07,17,16,16,21,31,60,0,0
2019-12-06,9,28,21,20,30,60,0,0
2019-12-05,21,19,21,21,29,58,0,0
2019-12-04,15,17,21,23,31,59,0,0
2019-12-03,14,21,17,20,32,58,0,0
2019-12-02,15,21,18,21,36,57,0,0
2019-12-01,17,25,18,20,33,56,0,0
2019-11-23,0,42,18,29,39,54,0,0
2019-11-22,0,34,16,35,34,54,0,0
2019-11-21,0,37,13,35,33,55,0,0
2019-11-20,0,31,19,33,36,53,0,0
2019-11-19,0,29,24,35,32,54,0,0
2019-11-18,0,22,27,31,31,56,0,0
2019-11-17,0,29,32,30,34,56,0,0
2019-11-16,0,30,36,27,33,57,0,0
2019-11-15,0,46,28,27,31,57,0,0
2019-11-14,0,46,26,25,29,57,0,0
2019-11-13,0,44,29,25,29,58,0,0
2019-11-12,0,42,28,23,28,58,0,0
2019-11-11,0,38,23,24,27,57,0,0
2019-11-10,0,34,24,26,28,59,0,0
2019-11-09,1,30,24,28,27,60,0,0
2019-11-08,10,26,21,29,25,57,0,0
2019-11-07,0,37,27,34,27,60,0,0
2019-11-06,0,45,27,36,24,61,0,0
2019-11-04,17,38,30,31,23,59,0,0
2019-11-03,15,28,31,31,23,58,0,0
2019-11-02,10,27,26,34,22,59,0,0
2019-11-01,14,25,25,30,21,59,0,0
2019-10-31,11,33,29,24,25,58,0,0
2019-10-30,19,26,30,22,25,60,0,0
2019-10-29,13,20,28,21,24,61,0,0
2019-10-28,17,26,26,24,30,58,0,0
2019-10-27,9,32,21,25,29,59,0,0
2019-10-26,12,35,15,28,29,59,0,0
2019-10-25,24,31,22,22,28,61,0,0
2019-10-24,25,28,21,27,28,62,0,0
2019-10-23,15,26,23,26,28,68,0,0
2019-10-22,18,23,25,27,28,68,0,0
2019-10-21,16,23,21,25,30,66,0,0
2019-10-20,18,26,19,24,31,66,0,0
2019-10-19,14,31,17,25,30,67,0,0
2019-10-18,23,35,22,32,28,65,0,0
2019-10-17,19,21,24,30,27,64,0,0
2019-10-16,16,18,26,31,23,68,0,0
2019-10-15,12,23,33,27,24,68,0,0
2019-10-14,10,33,28,26,24,69,0,0
2019-10-13,17,32,27,22,24,68,0,0
2019-10-12,15,38,23,26,21,68,0,0
2019-10-11,18,42,23,23,20,72,0,0
2019-10-10,16,31,24,19,23,72,0,0
2019-10-09,14,26,28,13,25,71,0,0
2019-10-08,16,25,28,13,24,72,0,0
2019-10-07,12,35,23,15,26,69,0,0
2019-10-06,19,38,17,21,23,70,0,0
2019-10-05,18,43,16,22,21,69,0,0
2019-10-04,23,27,13,22,25,70,0,0
2019-10-03,18,22,14,27,23,72,0,0
2019-10-02,21,15,16,26,22,73,0,0
2019-10-01,19,20,22,23,22,72,0,0
2019-09-30,18,23,25,20,23,75,0,0
2019-09-29,8,23,24,19,24,77,0,0
2019-09-28,15,27,27,16,31,77,0,0
2019-09-27,17,33,21,19,29,77,0,0
2019-09-26,19,32,17,22,28,75,0,0
2019-09-25,15,25,17,20,28,73,0,0
2019-09-24,18,28,17,25,30,74,0,0
2019-09-23,16,17,18,26,28,72,0,0
2019-09-22,12,17,14,29,29,72,0,0
2019-09-21,14,21,11,30,30,68,0,0
2019-09-20,11,20,14,28,35,66,0,0
2019-09-19,16,18,15,24,38,63,0,0
2019-09-18,11,13,17,24,35,64,0,0
2019-09-17,11,17,23,23,36,64,0,0
2019-09-16,17,15,23,20,37,61,0,0
2019-09-15,7,24,23,21,39,65,0,0
2019-09-14,15,23,23,18,37,68,0,0
2019-09-13,18,28,22,20,36,68,0,0
2019-09-12,10,26,18,21,35,69,0,0
2019-09-11,12,25,15,18,36,67,0,0
2019-09-10,15,21,17,20,33,67,0,0
2019-09-09,15,21,15,23,35,65,0,0
2019-09-08,12,18,22,22,34,64,0,0
2019-09-07,13,16,24,27,29,65,0,0
2019-09-06,17,20,22,26,30,64,0,0
2019-09-05,14,23,23,29,27,65,0,0
2019-09-04,13,34,22,34,24,68,0,0
2019-09-03,15,30,21,33,21,68,0,0
2019-09-02,10,32,22,28,24,66,0,0
2019-09-01,17,24,19,30,20,66,0,0
2019-08-31,15,16,25,26,20,65,0,0
2019-08-30,11,19,22,25,22,64,0,0
2019-08-29,8,17,22,21,23,66,0,0
2019-08-28,11,29,26,19,21,68,0,0
2019-08-27,19,25,21,15,21,69,0,0
2019-08-26,11,26,20,17,21,70,0,0
2019-08-25,9,26,20,13,21,70,0,0
2019-08-24,19,19,17,14,19,71,0,0
2019-08-23,6,22,14,17,17,69,0,0
2019-08-22,13,13,14,17,19,67,0,0
2019-08-21,9,17,11,16,19,68,0,0
2019-08-20,14,14,12,14,21,66,0,0
2019-08-19,11,14,12,14,25,69,0,0
2019-08-18,9,12,12,16,25,71,0,0
2019-08-17,8,13,13,16,25,74,0,0
2019-08-16,8,17,17,13,25,77,0,0
2019-08-15,12,20,14,15,26,79,0,0
2019-08-14,17,24,11,20,25,79,0,0
2019-08-13,16,24,12,20,27,79,0,0
2019-08-12,16,17,7,20,28,78,0,0
2019-08-11,13,15,10,17,28,81,0,0
2019-08-10,11,16,11,16,31,78,0,0
2019-08-09,15,13,11,17,32,77,0,0
2019-08-08,8,13,12,18,34,76,0,0
2019-08-07,11,19,15,18,31,75,0,0
2019-08-06,11,19,16,21,30,77,0,0
2019-08-05,19,15,17,21,37,81,0,0
2019-08-04,10,14,16,25,33,82,0,0
2019-08-03,8,17,12,26,33,83,0,0
2019-08-02,10,21,14,27,33,83,0,0
2019-08-01,12,17,16,26,34,83,0,0
2019-07-31,13,12,21,21,35,81,0,0
2019-07-30,11,13,22,21,35,80,0,0
2019-07-29,11,15,20,24,35,82,0,0
2019-07-28,15,17,20,23,39,80,0,0
2019-07-27,9,24,18,26,37,82,0,0
2019-07-26,7,28,18,23,37,85,0,0
2019-07-25,20,30,21,29,40,91,0,0
2019-07-24,18,22,28,26,38,93,0,0
2019-07-23,19,24,32,27,38,93,0,0
2019-07-22,8,30,24,30,37,95,0,0
2019-07-21,12,33,26,33,33,102,0,0
2019-07-20,11,33,22,28,32,103,0,0
2019-07-19,15,30,15,27,34,101,0,0
2019-07-18,6,28,20,26,32,100,0,0
2019-07-17,16,31,21,26,31,99,0,0
2019-07-16,16,24,23,23,30,98,0,0
2019-07-15,17,26,23,24,32,95,0,0
2019-07-14,11,27,20,20,34,93,0,0
2019-07-13,11,23,21,19,38,89,0,0
2019-07-12,14,29,19,21,37,89,0,0
2019-07-11,15,19,18,19,37,89,0,0
2019-07-10,8,28,18,16,40,88,0,0
2019-07-09,18,25,20,18,37,88,0,0
2019-07-08,9,26,22,15,37,90,0,0
2019-07-07,17,21,19,19,35,88,0,0
2019-07-06,12,23,16,20,39,90,0,0
2019-07-05,9,23,21,17,42,88,0,0
2019-07-04,17,26,18,26,42,85,0,0
2019-07-03,15,30,20,28,38,85,0,0
2019-07-02,16,25,29,28,38,84,0,0
2019-07-01,12,22,26,27,42,83,0,0
2019-06-30,12,29,21,29,43,81,0,0
2019-06-29,12,24,20,30,45,78,0,0
2019-06-28,11,26,18,31,42,79,0,0
2019-06-27,15,28,22,31,41,76,0,0
2019-06-26,21,23,22,29,40,73,0,0
2019-06-25,12,19,22,28,38,72,0,0
2019-06-24,10,24,18,32,38,74,0,0
2019-06-23,13,22,16,30,38,77,0,0
2019-06-22,15,21,18,25,39,77,0,0
2019-06-21,13,20,19,23,43,78,0,0
2019-06-20,14,14,24,20,42,79,0,0
2019-06-19,11,12,28,18,39,81,0,0
2019-06-18,10,19,28,20,40,82,0,0
2019-06-17,3,33,23,21,38,78,0,0
2019-06-16,13,29,23,20,38,77,0,0
2019-06-15,14,31,17,23,35,78,0,0
2019-06-14,20,26,13,24,35,77,0,0
2019-06-13,10,21,14,29,31,76,0,0
2019-06-12,19,21,17,25,33,75,0,0
2019-06-11,10,28,28,30,31,74,0,0
2019-06-10,11,28,23,30,32,73,0,0
2019-06-09,13,25,23,28,31,74,0,0
2019-06-08,12,26,23,28,29,72,0,0
2019-06-07,19,23,21,26,28,72,0,0
2019-06-06,16,23,24,23,27,74,0,0
2019-06-05,13,18,21,25,27,73,0,0
2019-06-04,8,25,21,22,27,72,0,0
2019-06-03,18,28,20,20,27,72,0,0
2019-06-02,8,31,16,22,25,75,0,0
2019-06-01,13,25,22,18,26,72,0,0
2019-05-31,17,37,19,18,26,71,0,0
2019-05-30,23,21,18,14,26,73,0,0
2019-05-29,8,26,19,15,28,71,0,0
2019-05-28,23,27,18,18,31,72,0,0
2019-05-27,18,27,19,22,29,71,0,0
2019-05-26,10,28,18,25,24,72,0,0
2019-05-25,22,29,12,28,23,70,0,0
2019-05-24,18,34,13,24,25,69,0,0
2019-05-23,21,20,13,27,25,69,0,0
2019-05-22,20,16,15,26,28,69,0,0
2019-05-21,12,17,19,20,29,71,0,0
2019-05-20,10,22,20,17,31,71,0,0
2019-05-19,12,17,25,17,35,68,0,0
2019-05-18,11,18,28,16,37,66,0,0
2019-05-17,18,17,21,16,41,74,0,0
2019-05-16,9,26,18,19,39,75,0,0
2019-05-15,8,31,14,24,35,77,0,0
2019-05-14,19,29,10,25,39,76,0,0
2019-05-13,18,20,10,27,37,76,0,0
2019-05-12,12,18,11,24,40,74,0,0
2019-05-11,10,16,14,23,39,75,0,0
2019-05-10,12,11,15,24,39,75,0,0
2019-05-09,12,13,18,24,37,74,0,0
2019-05-08,9,16,25,20,37,72,0,0
2019-05-07,4,23,21,26,35,69,0,0
2019-05-06,12,16,26,25,32,68,0,0
2019-05-05,7,26,18,27,35,67,0,0
2019-05-04,14,26,13,30,33,64,0,0
2019-05-03,14,28,11,34,31,62,0,0
2019-05-02,14,30,13,31,32,59,0,0
2019-05-01,17,20,21,29,33,58,0,0
2019-04-30,12,18,27,25,34,57,0,0
2019-04-29,11,19,33,23,37,55,0,0
2019-04-28,9,26,23,26,36,56,0,0
2019-04-27,11,28,21,24,37,53,0,0
2019-04-26,12,32,21,21,35,53,0,0
2019-04-25,21,27,20,21,36,51,0,0
2019-04-24,11,23,23,18,38,52,0,0
2019-04-23,13,26,18,22,40,51,0,0
2019-04-22,15,23,13,22,40,51,0,0
2019-04-21,5,23,14,23,38,51,0,0
2019-04-20,10,24,11,22,40,48,0,0
2019-04-19,14,13,15,23,38,47,0,0
2019-04-18,16,19,16,25,34,46,0,0
2019-04-17,15,13,15,25,34,45,0,0
2019-04-16,5,17,17,24,32,45,0,0
2019-04-15,11,17,14,26,31,44,0,0
2019-04-14,7,16,17,27,34,43,0,0
2019-04-13,6,32,25,33,31,43,0,0
2019-04-12,18,32,24,32,28,42,0,0
2019-04-11,14,35,30,35,25,40,0,0
2019-04-10,14,32,26,30,29,40,0,0
2019-04-09,14,22,30,25,27,40,0,0
2019-04-08,9,24,27,21,30,38,0,0
2019-04-07,10,24,22,25,27,37,0,0
2019-04-06,9,27,21,23,28,37,0,0
2019-04-05,15,26,20,18,30,35,0,0
2019-04-04,18,26,19,17,27,35,0,0
2019-04-03,16,24,21,20,27,34,0,0
2019-04-02,18,20,19,19,29,36,0,0
2019-04-01,14,20,16,21,30,36,0,0
2019-03-31,6,25,15,17,30,39,0,0
2019-03-30,13,21,16,19,31,38,0,0
2019-03-29,17,21,13,21,32,38,0,0
2019-03-28,17,22,24,21,33,41,0,0
2019-03-26,14,24,25,24,37,44,0,0
2019-03-25,7,23,28,28,31,44,0,0
2019-03-24,12,23,22,30,31,45,0,0
2019-03-23,6,28,24,30,29,45,0,0
2019-03-22,10,33,29,33,31,42,0,0
2019-03-21,11,30,27,34,32,42,0,0
2019-03-20,13,21,25,33,34,44,0,0
2019-03-19,7,26,21,38,30,45,0,0
2019-03-18,12,25,25,33,31,48,0,0
2019-03-17,11,23,23,34,35,47,0,0
2019-03-16,10,18,26,30,35,46,0,0
2019-03-15,14,27,34,42,32,45,0,0
2019-03-14,10,29,27,41,28,46,0,0
2019-03-13,6,28,26,42,24,47,0,0
2019-03-12,13,35,29,36,26,47,0,0
2019-03-11,16,24,29,36,27,45,0,0
2019-03-10,11,24,28,34,28,51,0,0
2019-03-09,9,18,26,31,31,50,0,0
2019-03-08,6,35,37,30,34,53,0,0
2019-03-07,11,40,32,26,36,51,0,0
2019-03-06,10,40,30,23,33,50,0,0
2019-03-05,16,30,28,22,30,51,0,0
2019-03-04,12,27,21,20,33,51,0,0
2019-03-03,10,24,18,17,38,50,0,0
2019-03-02,10,39,15,19,39,48,0,0
2019-03-01,18,26,14,21,38,48,0,0
2019-02-28,11,20,16,23,38,48,0,0
2019-02-27,9,13,17,21,36,49,0,0
2019-02-26,14,19,17,19,37,50,0,0
2019-02-25,4,21,13,20,39,49,0,0
2019-02-24,11,20,10,28,34,54,0,0
2019-02-23,11,17,11,29,36,54,0,0
2019-02-22,20,25,17,32,37,56,0,0
2019-02-21,6,23,22,29,37,55,0,0
2019-02-20,17,10,27,29,33,54,0,0
2019-02-19,9,27,24,38,27,55,0,0
2019-02-18,5,30,21,36,28,55,0,0
2019-02-17,15,25,21,31,28,53,0,0
2019-02-16,10,35,22,34,25,53,0,0
2019-02-15,13,26,27,29,24,51,0,0
2019-02-14,12,22,25,30,20,52,0,0
2019-02-13,13,28,32,32,18,51,0,0
2019-02-12,13,25,40,30,21,51,0,0
2019-02-11,11,40,31,30,22,52,0,0
2019-02-10,17,40,35,25,24,57,0,0
2019-02-09,9,40,35,24,21,58,0,0
2019-02-08,23,46,33,19,22,59,0,0
2019-02-07,19,39,30,18,20,58,0,0
2019-02-06,29,48,30,15,23,57,0,0
2019-02-05,14,41,24,18,23,55,0,0
2019-02-04,23,46,21,17,23,55,0,0
2019-02-03,30,25,14,18,24,58,0,0
2019-02-02,10,27,10,15,24,58,0,0
2019-02-01,11,20,10,17,23,56,0,0
2019-01-31,7,17,13,13,24,56,0,0
2019-01-30,19,12,16,14,22,59,0,0
2019-01-29,6,15,11,14,23,60,0,0
2019-01-28,7,15,16,14,22,64,0,0
2019-01-27,4,19,12,17,25,70,0,0
2019-01-26,8,15,12,17,26,68,0,0
2019-01-25,7,19,13,18,29,70,0,0
2019-01-24,7,23,14,19,29,72,0,0
2019-01-23,11,22,20,13,32,73,0,0
2019-01-22,10,15,20,12,30,73,0,0
2019-01-21,16,12,21,16,27,79,0,0
2019-01-20,7,19,19,19,27,80,0,0
2019-01-19,6,27,15,19,28,78,0,0
2019-01-18,14,45,15,29,36,78,0,0
2019-01-17,16,37,13,27,39,76,0,0
2019-01-16,18,22,14,30,36,76,0,0
2019-01-08,6,32,18,17,50,72,0,0
2019-01-07,8,29,18,21,49,71,0,0
2019-01-06,11,28,13,22,52,72,0,0
2019-01-05,7,42,15,23,54,68,0,0
2019-01-04,13,31,16,29,52,70,0,0
2019-01-03,14,26,13,32,51,70,0,0
2019-01-02,10,13,13,37,51,64,0,0
2019-01-01,5,15,14,42,48,61,0,0
2018-12-31,7,15,19,36,50,59,0,0
2018-12-30,7,13,19,42,46,58,0,0
2018-12-29,8,19,20,40,46,56,0,0
2018-12-28,7,15,27,34,45,55,0,0
2018-12-27,4,19,25,34,45,54,0,0
2018-12-26,5,18,30,31,46,51,0,0
2018-12-25,5,19,31,28,44,49,0,0
2018-12-24,6,22,27,28,42,49,0,0
2018-12-23,8,32,37,25,44,50,0,0
2018-12-22,7,52,41,24,41,50,0,0
2018-12-21,20,48,31,25,42,46,0,0
2018-12-20,8,47,30,22,39,47,0,0
2018-12-19,15,35,26,23,42,45,0,0
2018-12-18,12,36,23,27,43,42,0,0
2018-12-17,13,28,21,31,39,42,0,0
2018-12-16,7,42,23,32,39,43,0,0
2018-12-15,17,32,28,32,38,41,0,0
2018-12-14,12,39,28,32,36,41,0,0
2018-12-13,12,42,28,34,35,40,0,0
2018-12-12,13,33,25,34,38,40,0,0
2018-12-11,10,25,25,30,40,39,0,0
2018-12-10,7,26,27,27,35,40,0,0
2018-12-09,5,25,26,29,34,39,0,0
2018-12-08,11,22,26,27,33,37,0,0
2018-12-07,11,20,25,26,32,37,0,0
2018-12-06,9,25,20,27,32,38,0,0
2018-12-05,9,41,23,31,30,41,0,0
2018-12-04,13,31,24,30,28,42,0,0
2018-12-03,16,23,26,25,30,43,0,0
2018-12-02,11,30,26,28,30,40,0,0
2018-12-01,13,27,24,26,32,35,0,0
2018-11-30,14,30,23,30,29,39,0,0
2018-11-29,7,26,17,31,26,39,0,0
2018-11-28,8,38,22,27,27,39,0,0
2018-11-27,12,27,24,26,25,37,0,0
2018-11-26,13,15,28,22,25,43,0,0
2018-11-25,10,17,34,20,30,42,0,0
2018-11-24,4,24,28,19,31,41,0,0
2018-11-23,3,37,26,22,31,39,0,0
2018-11-22,13,34,22,21,29,41,0,0
2018-11-21,12,32,20,21,32,40,0,0
2018-11-20,9,29,23,17,30,40,0,0
2018-11-19,9,21,20,20,28,40,0,0
2018-11-18,8,32,23,23,28,40,0,0
2018-11-17,11,29,20,24,27,38,0,0
2018-11-16,8,31,16,23,25,36,0,0
2018-11-15,11,21,17,24,20,36,0,0
2018-11-14,8,25,18,30,22,37,0,0
2018-11-13,12,27,25,31,22,38,0,0
2018-11-12,9,25,21,32,27,36,0,0
2018-11-11,9,24,20,34,28,33,0,0
2018-11-10,8,32,25,29,29,34,0,0
2018-11-09,12,26,31,24,25,34,0,0
2018-11-08,12,29,36,21,21,34,0,0
2018-11-07,13,27,41,24,21,33,0,0
2018-11-06,9,27,38,20,20,38,0,0
2018-11-05,15,36,30,23,22,37,0,0
2018-11-04,5,47,24,18,22,36,0,0
2018-11-03,15,39,19,20,24,36,0,0
2018-11-02,11,34,17,20,23,37,0,0
2018-11-01,21,26,22,20,20,39,0,0
2018-10-31,10,21,20,17,20,37,0,0
2018-10-30,5,14,24,16,20,37,0,0
2018-10-29,8,17,21,18,23,40,0,0
2018-10-28,11,23,18,21,24,41,0,0
2018-10-27,4,24,14,24,21,43,0,0
2018-10-26,14,27,20,24,22,43,0,0
2018-10-25,5,25,19,17,22,46,0,0
2018-10-24,11,27,24,15,25,51,0,0
2018-10-23,8,22,23,15,23,51,0,0
2018-10-22,8,20,19,15,26,51,0,0
2018-10-21,4,24,12,17,28,47,0,0
2018-10-20,7,26,15,14,30,45,0,0
2018-10-19,8,27,14,14,29,43,0,0
2018-10-18,9,20,18,18,25,44,0,0
2018-10-17,10,24,22,19,27,43,0,0
2018-10-16,11,19,21,16,30,43,0,0
2018-10-15,8,27,19,18,30,47,0,0
2018-10-14,7,27,19,19,29,45,0,0
2018-10-13,10,23,15,21,27,44,0,0
2018-10-12,14,22,11,19,29,42,0,0
2018-10-11,10,31,16,18,32,41,0,0
2018-10-10,10,26,20,18,31,41,0,0
2018-10-09,6,20,23,18,33,40,0,0
2018-10-08,6,17,26,16,31,40,0,0
2018-10-07,5,24,23,13,35,37,0,0
2018-10-06,7,26,22,15,35,33,0,0
2018-10-05,11,32,16,21,29,33,0,0
2018-10-04,10,26,16,20,30,32,0,0
2018-10-03,11,27,14,24,30,31,0,0
2018-10-02,10,23,13,27,30,31,0,0
2018-10-01,6,21,12,26,29,31,0,0
2018-09-30,10,27,7,30,28,32,0,0
2018-09-29,8,23,12,26,28,31,0,0
2018-09-28,8,24,18,21,27,31,0,0
2018-09-27,4,22,22,19,26,31,0,0
2018-09-26,4,17,31,15,25,32,0,0
2018-09-25,10,21,25,19,25,34,0,0
2018-09-24,9,23,18,17,27,35,0,0
2018-09-23,5,28,17,15,26,35,0,0
2018-09-22,5,29,14,16,25,34,0,0
2018-09-21,17,30,17,18,22,33,0,0
2018-09-20,12,31,22,20,20,33,0,0
2018-09-19,13,20,25,16,25,30,0,0
2018-09-18,6,23,17,17,29,26,0,0
2018-09-17,9,26,14,20,29,26,0,0
2018-09-16,5,28,11,20,30,27,0,0
2018-09-15,14,22,10,20,31,25,0,0
2018-09-14,10,19,14,16,32,25,0,0
2018-09-13,8,17,22,17,32,27,0,0
2018-09-12,6,16,18,19,32,26,0,0
2018-09-11,5,22,20,21,31,28,0,0
2018-09-10,7,27,14,19,30,30,0,0
2018-09-09,10,23,13,20,32,28,0,0
2018-09-08,3,25,17,21,31,26,0,0
2018-09-07,9,25,17,21,31,28,0,0
2018-09-06,14,25,20,19,36,26,0,0
2018-09-05,7,24,20,18,35,27,0,0
2018-09-04,10,17,21,21,30,29,0,0
2018-09-03,6,19,16,26,25,29,0,0
2018-09-02,7,22,14,29,24,27,0,0
2018-09-01,5,31,15,29,26,24,0,0
2018-08-31,6,26,14,30,25,24,0,0
2018-08-30,9,31,17,33,28,24,0,0
2018-08-29,11,22,22,35,23,24,0,0
2018-08-28,9,20,27,31,22,24,0,0
2018-08-27,4,23,28,29,22,28,0,0
2018-08-26,3,30,30,26,23,29,0,0
2018-08-25,5,34,29,22,22,29,0,0
2018-08-24,13,43,27,26,21,29,0,0
2018-08-23,8,45,19,25,19,29,0,0
2018-08-22,13,37,26,18,19,31,0,0
2018-08-21,9,40,33,20,21,30,0,0
2018-08-20,13,28,33,17,19,30,0,0
2018-08-19,5,27,26,18,20,31,0,0
2018-08-18,5,30,17,20,22,29,0,0
2018-08-17,5,40,17,21,19,30,0,0
2018-08-16,11,46,16,22,15,31,0,0
2018-08-15,15,36,17,27,14,32,0,0
2018-08-14,14,24,30,25,15,32,0,0
2018-08-13,6,20,30,25,14,33,0,0
2018-08-12,4,37,22,28,14,33,0,0
2018-08-11,5,32,24,25,14,32,0,0
2018-08-10,8,31,23,17,14,32,0,0
2018-08-09,14,30,23,15,15,31,0,0
2018-08-08,6,32,25,11,14,30,0,0
2018-08-07,9,27,26,9,16,30,0,0
2018-08-06,13,27,22,7,17,34,0,0
2018-08-05,7,32,17,10,17,33,0,0
2018-08-04,9,43,13,13,13,34,0,0
2018-08-03,11,35,10,12,12,34,0,0
2018-08-02,9,26,8,14,11,34,0,0
2018-08-01,15,26,14,11,13,34,0,0
2018-07-31,15,34,15,15,15,33,0,0
2018-07-30,18,22,10,17,16,34,0,0
2018-07-29,9,22,9,14,19,39,0,0
2018-07-28,4,26,11,12,23,36,0,0
2018-07-27,16,24,13,14,24,35,0,0
2018-07-26,16,24,20,13,22,35,0,0
2018-07-25,8,20,14,14,22,35,0,0
2018-07-24,5,20,15,16,21,34,0,0
2018-07-23,13,24,14,19,20,35,0,0
2018-07-22,9,28,13,20,23,35,0,0
2018-07-21,6,21,12,23,23,37,0,0
2018-07-20,11,29,14,22,23,35,0,0
2018-07-19,12,18,16,20,24,34,0,0
2018-07-18,9,22,15,22,23,34,0,0
2018-07-17,8,17,22,19,22,33,0,0
2018-07-15,9,26,18,18,22,30,0,0
2018-07-14,10,25,17,17,21,30,0,0
2018-07-13,12,36,15,17,20,32,0,0
2018-07-12,19,23,12,21,19,35,0,0
2018-07-11,17,26,13,23,21,34,0,0
2018-07-10,9,21,15,23,22,35,0,0
2018-07-09,9,14,16,22,26,38,0,0
2018-07-08,6,13,16,21,26,38,0,0
2018-07-07,3,18,19,17,26,38,0,0
2018-07-06,10,21,19,18,24,39,0,0
2018-07-05,8,26,20,19,29,36,0,0
2018-07-04,4,29,23,18,29,35,0,0
2018-07-03,9,23,22,15,31,36,0,0
2018-07-02,10,30,17,17,38,36,0,0
2018-07-01,7,35,17,21,35,37,0,0
2018-06-30,9,37,13,23,34,36,0,0
2018-06-29,8,28,14,23,32,37,0,0
2018-06-28,10,23,16,28,32,39,0,0
2018-06-27,10,19,15,30,35,40,0,0
2018-06-26,9,14,17,28,37,40,0,0
2018-06-25,4,19,18,30,35,42,0,0
2018-06-24,5,19,21,24,39,43,0,0
2018-06-23,9,16,21,22,37,42,0,0
2018-06-22,9,23,21,21,38,39,0,0
2018-06-21,5,22,22,20,40,38,0,0
2018-06-20,7,18,20,18,40,39,0,0
2018-06-19,6,18,17,21,38,37,0,0
2018-06-18,5,21,15,23,40,36,0,0
2018-06-17,3,21,14,27,40,36,0,0
2018-06-16,7,21,15,28,38,36,0,0
2018-06-15,5,18,20,26,37,35,0,0
2018-06-14,6,13,18,26,34,34,0,0
2018-06-13,5,10,20,26,32,33,0,0
2018-06-12,3,18,21,26,27,34,0,0
2018-06-11,9,16,19,26,26,34,0,0
2018-06-10,4,20,16,29,23,35,0,0
2018-06-09,3,16,17,31,25,32,0,0
2018-06-08,8,25,15,31,24,33,0,0
2018-06-07,7,26,19,27,23,32,0,0
2018-06-06,9,20,24,26,22,31,0,0
2018-06-05,9,17,32,20,22,31,0,0
2018-06-04,5,19,31,19,22,30,0,0
2018-06-03,6,29,24,18,24,33,0,0
2018-06-02,9,26,25,22,21,35,0,0
2018-06-01,7,35,19,22,21,36,0,0
2018-05-31,9,36,19,23,19,36,0,0
2018-05-30,12,35,18,22,21,32,0,0
2018-05-29,15,22,18,26,19,31,0,0
2018-05-28,8,16,18,24,21,29,0,0
2018-05-27,6,19,15,24,25,30,0,0
2018-05-26,7,19,18,20,26,27,0,0
2018-05-25,9,26,17,17,27,28,0,0
2018-05-24,8,18,19,18,25,27,0,0
2018-05-23,7,28,19,17,25,25,0,0
2018-05-22,14,31,24,16,24,24,0,0
2018-05-21,13,26,22,17,26,25,0,0
2018-05-20,7,30,18,17,28,27,0,0
2018-05-19,8,37,18,17,26,26,0,0
2018-05-18,11,30,15,19,28,26,0,0
2018-05-17,11,26,20,19,27,26,0,0
2018-05-16,15,29,28,17,27,28,0,0
2018-05-15,8,24,28,16,27,29,0,0
2018-05-14,17,22,28,22,26,29,0,0
2018-05-13,7,32,17,23,27,31,0,0
2018-05-12,7,39,19,22,28,30,0,0
2018-05-11,9,37,10,26,30,28,0,0
2018-05-10,12,34,13,31,26,29,0,0
2018-05-09,13,23,15,30,27,29,0,0
2018-05-08,14,18,15,29,28,30,0,0
2018-05-07,7,15,23,24,29,28,0,0
2018-05-06,6,18,23,24,30,26,0,0
2018-05-05,4,22,20,24,28,25,0,0
2018-05-04,5,23,21,23,27,25,0,0
2018-05-03,13,29,21,18,26,25,0,0
2018-05-02,7,26,19,17,27,25,0,0
2018-05-01,9,23,18,17,29,25,0,0
2018-04-30,12,20,17,19,28,26,0,0
2018-04-29,3,21,15,20,27,30,0,0
2018-04-28,6,23,16,18,28,28,0,0
2018-04-27,12,23,18,17,30,28,0,0
2018-04-26,6,20,20,18,35,27,0,0
2018-04-25,9,17,19,20,34,26,0,0
2018-04-24,4,17,21,24,29,27,0,0
2018-04-23,6,25,15,32,31,28,0,0
2018-04-22,2,27,16,29,32,32,0,0
2018-04-21,6,25,16,31,32,31,0,0
2018-04-20,19,22,16,33,27,31,0,0
2018-04-19,4,21,19,29,29,29,0,0
2018-04-18,8,21,20,29,30,27,0,0
2018-04-17,15,19,27,26,29,26,0,0
2018-04-16,4,23,28,26,34,25,0,0
2018-04-15,2,27,23,28,33,28,0,0
2018-04-14,5,27,23,28,32,27,0,0
2018-04-13,8,41,18,26,33,27,0,0
2018-04-12,8,37,16,29,36,23,0,0
2018-04-11,12,33,26,26,39,22,0,0
2018-04-10,12,17,32,24,36,22,0,0
2018-04-09,2,16,26,32,32,21,0,0
2018-04-08,7,23,24,33,28,21,0,0
2018-04-07,5,33,18,33,25,23,0,0
2018-04-06,11,33,20,31,29,23,0,0
2018-04-05,8,25,22,33,30,21,0,0
2018-04-04,13,34,27,33,32,24,0,0
2018-04-03,16,26,27,31,28,27,0,0
2018-04-02,8,28,24,28,28,25,0,0
2018-04-01,9,25,26,25,27,25,0,0
2018-03-31,6,29,28,20,27,24,0,0
2018-03-30,15,22,25,21,27,23,0,0
2018-03-29,10,31,22,20,24,22,0,0
2018-03-28,14,36,20,22,25,20,0,0
2018-03-27,11,34,21,23,23,18,0,0
2018-03-26,6,28,24,25,23,18,0,0
2018-03-25,8,27,22,24,23,20,0,0
2018-03-24,9,32,29,26,21,20,0,0
2018-03-23,9,32,26,28,25,20,0,0
2018-03-22,11,42,30,25,28,19,0,0
2018-03-21,6,35,33,22,28,18,0,0
2018-03-20,13,30,29,18,27,17,0,0
2018-03-19,14,30,26,20,31,18,0,0
2018-03-18,6,37,21,16,33,16,0,0
2018-03-17,8,33,22,17,29,16,0,0
2018-03-16,10,31,19,16,28,17,0,0
2018-03-15,9,31,23,16,27,19,0,0
2018-03-14,6,35,27,18,25,19,0,0
2018-03-13,7,24,26,18,28,16,0,0
2018-03-12,6,28,19,25,29,15,0,0
2018-03-11,7,29,15,28,28,16,0,0
2018-03-10,9,29,15,24,28,15,0,0
2018-03-09,11,20,14,26,26,16,0,0
